{"stat.walkOneCm":1010,"achievement.openInventory":4,"stat.leaveGame":3,"stat.craftItem.thewizardmod.magic_robe_leggings_registry_name":1,"stat.pickup.thewizardmod.magic_gem_registry_name":11,"stat.craftItem.thewizardmod.magic_robe_boots_registry_name":1,"stat.jump":2,"stat.playOneMinute":3482,"stat.craftItem.thewizardmod.magic_iron_robe_registry_name":1,"stat.useItem.thewizardmod.jar":1,"stat.timeSinceDeath":3482,"stat.useItem.minecraft.crafting_table":1,"achievement.exploreAllBiomes":{"value":0,"progress":["TaigaHills"]},"stat.craftItem.thewizardmod.magic_robe_chestplate_registry_name":1,"stat.craftingTableInteraction":1}