{"stat.pickup.thewizardmod.blaze_wand_registry_name":3,"stat.flyOneCm":2423,"stat.walkOneCm":10112,"stat.pickup.thewizardmod.shadowdust_registry_name":1,"stat.jump":6,"stat.pickup.minecraft.egg":1,"stat.playOneMinute":4252,"achievement.openInventory":5,"stat.useItem.thewizardmod.runeSlab":1,"stat.killEntity.Chicken":1,"stat.leaveGame":1,"stat.sneakTime":14,"stat.pickup.minecraft.feather":1,"stat.damageDealt":30,"stat.crouchOneCm":1,"stat.pickup.minecraft.chicken":1,"stat.timeSinceDeath":4252,"stat.useItem.minecraft.dirt":2,"stat.pickup.thewizardmod.magic_gem_registry_name":1,"stat.mobKills":1,"achievement.exploreAllBiomes":{"value":0,"progress":["Plains"]}}