{"stat.flyOneCm":1219,"stat.walkOneCm":13756,"stat.useItem.minecraft.torch":1,"stat.jump":26,"stat.playOneMinute":7069,"achievement.openInventory":4,"stat.fallOneCm":670,"stat.useItem.minecraft.stone":17,"stat.craftItem.thewizardmod.flint_and_steel_registry_name":1,"stat.useItem.minecraft.flint_and_steel":1,"stat.leaveGame":1,"stat.useItem.thewizardmod.flint_and_steel_registry_name":3,"stat.damageTaken":370,"stat.timeSinceDeath":7069,"stat.useItem.minecraft.obsidian":17,"stat.useItem.minecraft.crafting_table":1,"achievement.exploreAllBiomes":{"value":0,"progress":["Swampland","Hell"]},"stat.mineBlock.minecraft.tallgrass":4,"stat.craftingTableInteraction":1}